{
  "metadata": {
    "source_file": "0008_942b9e61fdd7a63974f0166f0dde37ea69843f39_20251028_073837_uncommited-changes.json",
    "generated_at": 1761637136.208756
  },
  "categories": {
    "Graph Precomputing": [
      {
        "name": "Precomputing Small",
        "test_name": "test_benchmark_precomputing_small",
        "mean_us": 70.03777155608222,
        "min_us": 68.66594776511192,
        "max_us": 187.4167937785387,
        "median_us": 69.4170594215393,
        "q1_us": 69.29086521267891,
        "q3_us": 69.62497718632221,
        "rounds": 5577
      },
      {
        "name": "Precomputing Medium",
        "test_name": "test_benchmark_precomputing_medium",
        "mean_us": 382.2765174110317,
        "min_us": 379.0000919252634,
        "max_us": 422.3331343382597,
        "median_us": 380.95912896096706,
        "q1_us": 380.41616789996624,
        "q3_us": 383.0001223832369,
        "rounds": 2523
      }
    ],
    "Batch Distance Computation": [
      {
        "name": "Batch Distances Small",
        "test_name": "test_benchmark_batch_distances_small",
        "mean_us": 7.38436714387857,
        "min_us": 5.332985892891884,
        "max_us": 25.875167921185493,
        "median_us": 5.790963768959045,
        "q1_us": 5.582987796515226,
        "q3_us": 6.010290235280991,
        "rounds": 13
      },
      {
        "name": "Batch Distances Medium",
        "test_name": "test_benchmark_batch_distances_medium",
        "mean_us": 8.318769395896815,
        "min_us": 7.958151400089264,
        "max_us": 55.4998405277729,
        "median_us": 8.250121027231216,
        "q1_us": 8.207978680729866,
        "q3_us": 8.33394005894661,
        "rounds": 51282
      }
    ],
    "K-means++ Initialization": [
      {
        "name": "Kpp Initialization Small",
        "test_name": "test_benchmark_kpp_initialization_small",
        "mean_us": 277.4659875191311,
        "min_us": 274.500111117959,
        "max_us": 375.75000897049904,
        "median_us": 276.37509629130363,
        "q1_us": 275.8330665528774,
        "q3_us": 277.74996124207973,
        "rounds": 1891
      },
      {
        "name": "Kpp Initialization Medium",
        "test_name": "test_benchmark_kpp_initialization_medium",
        "mean_us": 1283.7118498323907,
        "min_us": 1276.1671096086502,
        "max_us": 1364.2499689012766,
        "median_us": 1282.916869968176,
        "q1_us": 1280.2912387996912,
        "q3_us": 1284.7815523855388,
        "rounds": 703
      }
    ],
    "Simulated Annealing": [
      {
        "name": "Sa Sequential Small",
        "test_name": "test_benchmark_sa_sequential_small",
        "mean_us": 1318.4417720611502,
        "min_us": 1205.6250125169754,
        "max_us": 1706.790877506137,
        "median_us": 1318.0209789425135,
        "q1_us": 1289.7078413516283,
        "q3_us": 1346.0838235914707,
        "rounds": 738
      },
      {
        "name": "Sa Interleaved Small",
        "test_name": "test_benchmark_sa_interleaved_small",
        "mean_us": 1461.484948372512,
        "min_us": 1168.4999335557222,
        "max_us": 1769.2090477794409,
        "median_us": 1460.4171738028526,
        "q1_us": 1386.385236401111,
        "q3_us": 1531.0838352888823,
        "rounds": 299
      },
      {
        "name": "Sa Interleaved Mostfrequentnode Medium",
        "test_name": "test_benchmark_sa_interleaved_mostfrequentnode_medium",
        "mean_us": 4341.565346904974,
        "min_us": 4055.1668498665094,
        "max_us": 4840.625217184424,
        "median_us": 4338.958067819476,
        "q1_us": 4240.562266204506,
        "q3_us": 4419.093893375248,
        "rounds": 213
      },
      {
        "name": "Sa Interleaved Medium",
        "test_name": "test_benchmark_sa_interleaved_medium",
        "mean_us": 4390.175538221459,
        "min_us": 3989.95797149837,
        "max_us": 4841.082962229848,
        "median_us": 4389.43796325475,
        "q1_us": 4296.458093449473,
        "q3_us": 4488.541977480054,
        "rounds": 222
      },
      {
        "name": "Sa Sequential Medium",
        "test_name": "test_benchmark_sa_sequential_medium",
        "mean_us": 4680.9986167503475,
        "min_us": 4397.582961246371,
        "max_us": 4893.624922260642,
        "median_us": 4680.000012740493,
        "q1_us": 4621.656145900488,
        "q3_us": 4738.760704640299,
        "rounds": 211
      }
    ],
    "Energy Calculation": [
      {
        "name": "Energy Numba Uniform",
        "test_name": "test_benchmark_energy_numba_uniform",
        "mean_us": 60.44909504120903,
        "min_us": 59.83305163681507,
        "max_us": 89.29101750254631,
        "median_us": 60.25005131959915,
        "q1_us": 60.167163610458374,
        "q3_us": 60.333870351314545,
        "rounds": 14069
      },
      {
        "name": "Energy Numba Obs",
        "test_name": "test_benchmark_energy_numba_obs",
        "mean_us": 71.03911129183828,
        "min_us": 66.37489423155785,
        "max_us": 460.5830181390047,
        "median_us": 67.00004450976849,
        "q1_us": 66.79212674498558,
        "q3_us": 69.16699931025505,
        "rounds": 529
      },
      {
        "name": "Energy Python Obs",
        "test_name": "test_benchmark_energy_python_obs",
        "mean_us": 3866.3904229722602,
        "min_us": 3764.2919924110174,
        "max_us": 4933.5830844938755,
        "median_us": 3809.334011748433,
        "q1_us": 3787.302121054381,
        "q3_us": 3890.2919040992856,
        "rounds": 257
      },
      {
        "name": "Energy Python Uniform",
        "test_name": "test_benchmark_energy_python_uniform",
        "mean_us": 4263.531010693465,
        "min_us": 4169.833846390247,
        "max_us": 4707.499872893095,
        "median_us": 4233.8750790804625,
        "q1_us": 4193.125059828162,
        "q3_us": 4288.667114451528,
        "rounds": 234
      }
    ],
    "Robustification Strategies": [
      {
        "name": "Robustification Mostfrequentnode",
        "test_name": "test_benchmark_robustification_mostfrequentnode",
        "mean_us": 75.52625494904622,
        "min_us": 72.66690954566002,
        "max_us": 240.4581755399704,
        "median_us": 74.1670373827219,
        "q1_us": 73.70789535343647,
        "q3_us": 76.00011304020882,
        "rounds": 8912
      },
      {
        "name": "Robustification Minimize Energy Uniform",
        "test_name": "test_benchmark_robustification_minimize_energy_uniform",
        "mean_us": 887.4581489426486,
        "min_us": 877.2080764174461,
        "max_us": 1037.5420097261667,
        "median_us": 882.0205694064498,
        "q1_us": 880.2294032648206,
        "q3_us": 890.313065610826,
        "rounds": 1096
      },
      {
        "name": "Robustification Minimize Energy Obs",
        "test_name": "test_benchmark_robustification_minimize_energy_obs",
        "mean_us": 991.3197326574013,
        "min_us": 981.0831397771835,
        "max_us": 1157.7080003917217,
        "median_us": 986.3956365734339,
        "q1_us": 984.4580199569464,
        "q3_us": 993.2920802384615,
        "rounds": 986
      },
      {
        "name": "Robustification Minimize Energy Uniform Python",
        "test_name": "test_benchmark_robustification_minimize_energy_uniform_python",
        "mean_us": 21690.348760508325,
        "min_us": 21474.62498396635,
        "max_us": 22081.084083765745,
        "median_us": 21679.87497523427,
        "q1_us": 21623.749984428287,
        "q3_us": 21738.95901069045,
        "rounds": 46
      },
      {
        "name": "Robustification Minimize Energy Obs Python",
        "test_name": "test_benchmark_robustification_minimize_energy_obs_python",
        "mean_us": 22403.758293431667,
        "min_us": 22251.500049605966,
        "max_us": 22851.87505185604,
        "median_us": 22407.62487053871,
        "q1_us": 22375.12491410598,
        "q3_us": 22431.96888593957,
        "rounds": 45
      }
    ]
  },